Candidate_Name,Slug,Category,Subcategory,Target_User,Problem_Solved,Overlap_Status,Priority,Technical_Feasibility,Backend_Required,Evidence_Source
"Social Media oEmbed Universal Viewer","social-oembed-viewer","social-media-tools","content-generation","Social Media Managers, Creators","Need to preview and retrieve public embed codes, authors, and thumbnails across YouTube, TikTok, and X without API keys","New tool recommended","P1","High (Browser fetch of official CORS-open oEmbed endpoints)","No (Client-side)","Official oEmbed standard (https://oembed.com), YouTube oEmbed (https://www.youtube.com/oembed), TikTok oEmbed (https://www.tiktok.com/oembed)"
"TikTok & Reels Viral Sound & Hook Planner","short-video-sound-hook-planner","social-media-tools","video-social-media","Content Creators, Short-form Video Editors","Need to organize trending audio concepts, 3-second visual hooks, and script pacing","Existing tool should be upgraded (reels-hook-script-generator)","P2","High (Pure client-side)","No","Sprout Social Index 2024 Short-form Video Benchmarks"
"Social Media Engagement Rate & Benchmark Calculator","engagement-rate-calculator","social-media-tools","engagement-growth","Influencers, Brand Marketers","Calculate ER by impressions, reach, or follower count with industry benchmark comparisons","Existing tool is sufficient — do not duplicate (engagement-rate-calculator exists at ID 667)","P3","Already built","No","Hootsuite Social Media Benchmarks Report"
"Landing Page Conversion Audit Checklist","landing-page-audit-checklist","marketing-tools","campaign-tracking-advertising","Growth Marketers, UI/UX Designers","Need structured 30-point heuristic evaluation of hero section, proof, CTA clarity, form friction, and speed","New tool recommended (distinct from landing-page-checklist which is a 5-item list)","P1","High (Interactive scoring matrix with PDF/CSV export)","No","Unbounce Conversion Benchmark Report (https://unbounce.com/conversion-benchmark-report)"
"Marketing Campaign Budget Allocation & Blended CAC Calculator","campaign-budget-allocator","marketing-tools","campaign-tracking-advertising","PPC Specialists, CMOs","Distribute ad spend across Paid Search, Social, Influencer, and Retargeting with target blended CAC and revenue projections","New tool recommended","P1","High (Client-side financial allocation models)","No","Gartner CMO Spend Survey (https://www.gartner.com)"
"Marketing Attribution Multi-Touch Modeler","marketing-attribution-roi-model","freelance-tools","marketing-business-growth","Digital Marketers, Growth Leads","Compare First-Touch, Last-Touch, Linear, Time-Decay, and U-Shaped attribution","Existing tool is sufficient — do not duplicate (verified at ID 1035)","P3","Already built & live","No","Google Analytics 4 Attribution Documentation"
"Technical SEO Audit & Pre-Launch Checklist","technical-seo-audit-checklist","marketing-tools","seo-tools","SEO Specialists, Web Developers","45-point checklist covering robots, sitemaps, canonicals, hreflang, Core Web Vitals, 404s, mobile friendliness with exportable client audit report","New tool recommended","P0","High (Pure client-side audit engine with scoring and export)","No","Google Search Essentials (https://developers.google.com/search/docs/essentials)"
"SEO Internal Linking & Topic Cluster Architect","internal-linking-cluster-architect","marketing-tools","seo-tools","Content Strategists, SEO Specialists","Map pillar pages to subtopic clusters, define anchor text distributions, and generate hierarchical visual linking blueprints","New tool recommended","P1","High (Client-side graph/table mapping with CSV/Markdown export)","No","HubSpot Topic Cluster Methodology (https://research.hubspot.com)"
"Local SEO Google Business Profile Audit Planner","local-seo-gbp-audit-planner","marketing-tools","seo-tools","Local Businesses, Agencies","Audit NAP consistency, GBP categories, review velocity, local citations, and geo-tagged images","New tool recommended","P2","High (Client-side audit planner)","No","BrightLocal Local Search Ranking Factors Study"
"Content Brief & Editorial Specification Generator","content-brief-generator","marketing-tools","content-marketing","Managing Editors, Freelance Writers","Generate complete writer briefs: primary/secondary keywords, search intent, target word count, competitor outline gaps, tone, and sources","New tool recommended","P0","High (Interactive brief generator with copyable Markdown/PDF export)","No","Semrush State of Content Marketing Report"
"Content Decay & Revenue Loss Audit Calculator","seo-content-decay-audit-calculator","marketing-tools","seo-tools","SEO Leads, Content Directors","Quantify historic traffic drops, projected pipeline loss, and refresh ROI","Existing tool is sufficient — do not duplicate (verified at ID 1042)","P3","Already built & live","No","Animalz Content Decay Methodology"
"Business Model Canvas (Strategyzer 9-Block Builder)","business-model-canvas-builder","business-tools","business-planning","Founders, Consultants, Product Managers","Standard 9-box Strategyzer Business Model Canvas (Partners, Activities, Resources, Value Props, Customer Relationships, Channels, Segments, Cost, Revenue)","New tool recommended (Complements lean-canvas-business-builder)","P0","High (Interactive 9-box canvas with drag/reorder, print, JSON/PDF export)","No","Osterwalder & Pigneur Business Model Generation (Strategyzer)"
"Value Proposition Canvas & Customer Profile Mapper","value-proposition-canvas-mapper","business-tools","business-planning","Entrepreneurs, Product Marketers","Map Customer Jobs, Pains, Gains against Products/Services, Pain Relievers, and Gain Creators for problem-solution fit","New tool recommended","P1","High (Dual interactive circle-square canvas with export)","No","Strategyzer Value Proposition Design Framework"
"Business Startup Break-Even & Runway Calculator","startup-runway-breakeven-calculator","business-tools","financial-forecasting","Founders, CFOs","Calculate cash runway, gross/net burn rate, zero cash date, and units required to achieve cash-flow break-even","Existing tool should be upgraded (break-even-point-calculator exists at ID 655 but lacks cash runway and hiring runway simulation)","P1","High (Financial modeling formulas)","No","Y Combinator Runway Planning Framework"
"Sales Pipeline Stage Velocity & Leakage Calculator","sales-pipeline-stage-planner","business-tools","sales-crm","Sales Directors, Account Executives","Model deal count, drop-off rate, and average time-in-stage across Lead -> Discovery -> Demo -> Proposal -> Closed Won to pinpoint funnel leaks","New tool recommended (Complements sales-funnel-velocity-calculator)","P1","High (Multi-stage waterfall calculator)","No","HubSpot Sales Velocity Equation Documentation"
"Cold Email Outreach Deliverability & Volume Planner","cold-email-outreach-planner","business-tools","sales-crm","BDRs, SDRs, Growth Agencies","Calculate required inboxes, domains, daily send volume, warm-up ramping, and positive reply rates to hit meeting quotas","New tool recommended","P1","High (Multi-domain inbox calculator)","No","Instantly.ai & Lemlist Deliverability Guides"
"Project Scope & Fixed-Fee Pricing Estimator","project-scope-pricing-estimator","freelance-tools","client-pricing","Freelancers, Web Agencies","Break project into milestones/phases, estimate base hours, risk contingency markup (10-30%), revision buffers, and generate transparent client estimates","New tool recommended","P1","High (Milestone breakdown calculator with print/CSV export)","No","Project Management Institute (PMI) Agile Cost Estimation Standards"
"Client Monthly Retainer ROI Reporting Generator","client-retainer-roi-report-generator","freelance-tools","proposals-contracts","Agencies, SEO Consultants","Generate professional 1-page executive summary reports showing hours logged, deliverables completed, traffic/pipeline impact, and next month sprint priorities","New tool recommended","P1","High (Client-side interactive report builder with PDF/HTML export)","No","HubSpot Agency Client Retention Benchmarks"
