Tool Name,Slug,Category,Subcategory,Route,Target Audience,Key Features,Test Status
"Business Model Canvas Builder","business-model-canvas-builder","business-tools","strategy","/business-tools/business-model-canvas-builder","Entrepreneurs, Strategy Consultants, Founders","Interactive 9-box Strategyzer Canvas builder with live cards, guidance, export & import.","PASS (0 Errors)"
"Value Proposition Canvas Mapper","value-proposition-canvas-mapper","business-tools","strategy","/business-tools/value-proposition-canvas-mapper","Product Managers, Marketers, Founders","Strategyzer Customer Profile (Jobs/Pains/Gains) to Value Map (Products/Pain Relievers/Gain Creators) alignment matrix.","PASS (0 Errors)"
"Sales Pipeline Stage Velocity & Leakage Planner","sales-pipeline-stage-planner","business-tools","sales","/business-tools/sales-pipeline-stage-planner","Sales Directors, VP Sales, RevOps","Calculates stage-by-stage pipeline velocity, leakage rates, stage win probabilities and projected revenue.","PASS (0 Errors)"
"Business Idea Validation Planner","business-idea-validation-planner","business-tools","planning","/business-tools/business-idea-validation-planner","Startup Founders, Product Innovators","Hypothesis matrix, risk scoring (Desirability, Viability, Feasibility), experiment cards, and go/no-go score.","PASS (0 Errors)"
"Revenue Model Comparison Calculator","revenue-model-comparison-calculator","business-tools","finance","/business-tools/revenue-model-comparison-calculator","CFOs, Founders, Financial Analysts","Side-by-side financial comparison across Subscription (MRR), Transactional/Usage, Marketplace take-rate, and Retainer.","PASS (0 Errors)"
"Project Scope & Fixed-Fee Pricing Estimator","project-scope-pricing-estimator","freelance-tools","pricing","/freelance-tools/project-scope-pricing-estimator","Agencies, Freelancers, Consultants","Work breakdown structure (WBS), risk contingency buffers, value-based pricing multipliers and scope creep clauses.","PASS (0 Errors)"
"Cold Email Deliverability & Volume Planner","cold-email-outreach-planner","business-tools","sales","/business-tools/cold-email-outreach-planner","SDRs, Lead Generation Specialists, Agency Owners","Domain & inbox warmup ramp scheduler, DNS authentication checklists (SPF, DKIM, DMARC), and daily sending safety calculator.","PASS (0 Errors)"
"Technical SEO Pre-Launch Audit Checklist","technical-seo-audit-checklist","marketing-tools","seo","/marketing-tools/technical-seo-audit-checklist","SEO Specialists, Web Developers, Agency Teams","Crawlability, canonicalization, indexation, Core Web Vitals, mobile UX, security and rich snippet pre-flight verification.","PASS (0 Errors)"
"Content Brief & Editorial Spec Builder","content-brief-generator","marketing-tools","content","/marketing-tools/content-brief-generator","Content Strategists, Managing Editors, SEO Leads","SEO content brief specification builder with target intent, competitor angles, heading outlines, questions and tone guidelines.","PASS (0 Errors)"
"Landing Page Conversion & CRO Audit","landing-page-audit-checklist","marketing-tools","analytics","/marketing-tools/landing-page-audit-checklist","Conversion Rate Specialists, Growth Marketers","Heuristic CRO audit rubric across Above-the-Fold, Clarity, Social Proof, Objection Handling, Form UX & Mobile Responsiveness.","PASS (0 Errors)"
"SEO Internal Linking & Topic Cluster Architect","internal-linking-cluster-architect","marketing-tools","seo","/marketing-tools/internal-linking-cluster-architect","SEO Architects, Content Strategists","Pillar-to-cluster hierarchy mapper, anchor text variation planner, bridge linking rules and PageRank distribution modeling.","PASS (0 Errors)"
"Marketing Campaign Budget Allocation & Blended CAC Calculator","campaign-budget-allocator","marketing-tools","analytics","/marketing-tools/campaign-budget-allocator","Paid Media Buyers, CMOs, Growth Heads","Multi-channel ad spend allocator (Meta, Google Search, LinkedIn, YouTube, TikTok) with blended CAC, ROAS and conversion targets.","PASS (0 Errors)"
"Local SEO Google Business Profile Audit Planner","local-seo-gbp-audit-planner","marketing-tools","seo","/marketing-tools/local-seo-gbp-audit-planner","Local Business Owners, Local SEO Agencies","GBP listing completeness scoring, NAP consistency audit, local review velocity planner and citation consistency checklist.","PASS (0 Errors)"
"Universal Social Media oEmbed Viewer & Generator","social-oembed-viewer","social-media-tools","preview","/social-media-tools/social-oembed-viewer","Social Media Managers, Web Publishers, Bloggers","Live oEmbed API endpoint URL generator and responsive embed code generator for YouTube, Twitter/X, TikTok, Reddit, Vimeo & Spotify.","PASS (0 Errors)"
"Short-Form Video Hook & Sound Script Planner","short-video-sound-hook-planner","social-media-tools","video","/social-media-tools/short-video-sound-hook-planner","TikTok Creators, Reels Producers, UGC Creators","Storyboarding and timing planner for 15s/30s/60s TikTok, Reels & Shorts with sound cues, visual transitions, and call-to-actions.","PASS (0 Errors)"
"Client Retainer ROI & Performance Report Generator","client-retainer-roi-report-generator","freelance-tools","reporting","/freelance-tools/client-retainer-roi-report-generator","Agency Account Executives, Freelancers, Consultants","Executive monthly agency report generator calculating blended ROI, billable hours vs deliverables, channel KPIs and executive commentary.","PASS (0 Errors)"