Category,Requirement,Matching Existing Tool,Status,Evidence of Functionality,Missing Features,API / Dependency Requirements,Recommended Action
"Social Media Downloads","YouTube HD Thumbnail Download","YouTube HD Thumbnail Extractor & Downloader (`youtube-thumbnail-extractor`)","FULLY IMPLEMENTED","src/tools/social/YouTubeThumbnailExtractor.jsx extracts MaxRes (1080p), HQ, MQ, SD image downloads directly from YouTube image CDN.","None for image thumbnails. Directly grabs full-resolution covers.","Pure Client-Side (No API Key)","Preserve active implementation."
"Social Media Downloads","YouTube Video & Audio Binary Download","None for direct MP4/MP3 binary files (Only thumbnail extraction exists).","REQUIRES EXTERNAL API / BACKEND PROXY","src/tools/social/YouTubeThumbnailExtractor.jsx is image-only.","Direct video/audio stream muxing and binary file downloading.","YouTube DASH/HLS stream signatures are blocked by browser CORS. Requires backend worker with yt-dlp or third-party proxy on Railway.","Clearly document distinction between thumbnail extraction and video downloading; design Railway backend proxy pipeline if full video downloading is desired."
"Social Media Downloads","Instagram Video / Reels Download","None for direct MP4 stream download.","REQUIRES EXTERNAL API / BACKEND PROXY","InstagramGridCarouselSplitter is layout slicing only.","Direct video file download from post URL.","Instagram CDN media URLs are signed, ephemeral, and protected against browser CORS. Requires backend proxy or Graph API.","Document distinction; implement public post oEmbed inspection."
"Social Media Downloads","Instagram Grid & Carousel Slicing","Instagram Grid & Seamless Carousel Splitter (`instagram-grid-carousel-splitter`)","FULLY IMPLEMENTED","src/tools/social/InstagramGridCarouselSplitter.jsx calculates 4:5 and 1:1 multi-panel canvas pixel dimensions and slice coordinates.","None for layout design and slicing coordinates.","Pure Client-Side (Canvas Math)","Preserve active implementation."
"Social Media Downloads","TikTok Video Download (No Watermark)","None for raw MP4 stream extraction.","REQUIRES EXTERNAL API / BACKEND PROXY","ReelsHookScriptGenerator is script generation only.","No-watermark MP4 video stream downloading.","TikTok video blobs require reverse-engineered mobile API signatures or external server scraper.","Document platform restriction; provide script and metadata tools."
"Social Media Downloads","X / Twitter Video & GIF Download","None for direct video blob download.","REQUIRES EXTERNAL API / BACKEND PROXY","OpenGraphCardPreviewer previews social share cards only.","Direct video file downloading.","Twitter API v2 requires paid developer tier ($100/mo) or backend headless scraper.","Document technical constraint."
"Digital Marketing","UTM Campaign URL Builder","UTM Builder (`utm-builder`)","FULLY IMPLEMENTED","src/tools/marketing/Utm.jsx validates URLs and appends source, medium, campaign, term, and content parameters.","None. Clean link builder with one-click copy.","Pure Client-Side","Preserve active implementation."
"Digital Marketing","Multi-Touch Marketing Attribution & ROAS","Multi-Touch Marketing Attribution & ROI Modeler (`marketing-attribution-roi-model`)","FULLY IMPLEMENTED","src/tools/freelance/MarketingAttributionRoiModel.jsx models First-Touch, Last-Touch, and Linear multi-channel ROAS and profit.","None. Compares attribution models across channels.","Pure Client-Side Math","Preserve active implementation."
"Digital Marketing","A/B Test Statistical Significance","A/B Test Significance Calculator (`ab-test-significance-calculator`)","FULLY IMPLEMENTED","Calculates two-tailed Z-score, P-value, and confidence interval for conversion rate testing.","None.","Pure Client-Side Math","Preserve active implementation."
"Digital Marketing","Email Deliverability & Campaign Metric Diagnosis","Email ROI Calculator (`email-roi-calculator`)","PARTIALLY IMPLEMENTED","Calculates revenue return on email lists.","Missing open rate vs CTR drop-off benchmarks, bounce rate health thresholds, and spam score indicators.","Pure Client-Side (Industry Formulas)","Implement comprehensive Email Deliverability & Engagement Health Calculator."
"SEO","Visual Robots.txt & Sitemap Directives Builder","Visual Robots.txt & Sitemap Directives Builder (`robots-sitemap-generator`)","FULLY IMPLEMENTED","src/tools/marketing/RobotsSitemapGenerator.jsx generates user-agent crawler rules, delays, and sitemap references with live download.","None.","Pure Client-Side","Preserve active implementation."
"SEO","Google Schema JSON-LD Rich Snippets","Google Schema JSON-LD Rich Snippet Generator (`schema-json-ld-generator`)","FULLY IMPLEMENTED","src/tools/marketing/SchemaJsonLdGenerator.jsx generates validated Schema.org JSON-LD for Articles, FAQs, and Products.","None.","Pure Client-Side (Schema.org standard)","Preserve active implementation."
"SEO","Open Graph & Social Share Card Previewer","Open Graph & Social Share Card Previewer (`opengraph-card-previewer`)","FULLY IMPLEMENTED","src/tools/marketing/OpenGraphCardPreviewer.jsx simulates live Twitter, LinkedIn, and Facebook preview cards with meta tags.","None.","Pure Client-Side","Preserve active implementation."
"SEO","SEO 301 / 302 Redirect Map Builder","SEO 301 / 302 Redirect Map Builder (`seo-redirect-map-builder`)","FULLY IMPLEMENTED","src/tools/marketing/SeoRedirectMapBuilder.jsx maps URLs and exports Nginx, Apache .htaccess, and Netlify _redirects configs.","None.","Pure Client-Side","Preserve active implementation."
"SEO","Keyword Search Intent Clustering","SEO Keyword Intent Clustering Tool (`seo-keyword-clustering-tool`)","FULLY IMPLEMENTED","src/tools/marketing/SeoKeywordClusteringTool.jsx clusters keyword lists into Informational, Commercial, and Transactional with CSV export.","None.","Pure Client-Side NLP","Preserve active implementation."
"SEO","SERP Google Snippet Pixel Width Truncation Previewer","Meta Tag Generator (`meta-tag-generator`) (Character-based only)","PARTIALLY IMPLEMENTED","Checks string length, but does NOT compute true proportional font pixel width (600px desktop / 960px mobile).","Missing real proportional font canvas measurement (Arial 20px for title, 14px for description) and rich snippet rendering.","Pure Client-Side (HTML5 Canvas measureText)","Implement Google SERP Pixel Width Simulator & Snippet Optimizer."
"SEO","Hreflang & Canonical Multi-Country Tag Generator","None for multi-locale matrix.","MISSING","No hreflang generator in registry.","ISO 639-1 language and ISO 3166-1 country code multi-regional tag generator.","Pure Client-Side","Implement Hreflang & Multi-Regional SEO Tag Generator."
"Content Strategy","Multi-Channel Content Repurposing Matrix","Multi-Channel Content Repurposing Matrix (`content-repurposing-matrix`)","FULLY IMPLEMENTED","src/tools/social/ContentRepurposingMatrix.jsx transforms long-form input into Twitter threads, LinkedIn posts, Reels scripts, and Newsletters.","None.","Pure Client-Side","Preserve active implementation."
"Content Strategy","Content Editorial Matrix & Publishing Calendar","Content Editorial Matrix & Publishing Calendar (`content-editorial-calendar`)","FULLY IMPLEMENTED","src/tools/marketing/ContentEditorialCalendar.jsx manages multi-channel content pipelines across pillars with CSV export.","None.","Pure Client-Side","Preserve active implementation."
"Content Strategy","Headline A/B Power Score & CTR Tester","Headline A/B Power Score & CTR Tester (`headline-ab-power-tester`)","FULLY IMPLEMENTED","src/tools/writing/HeadlineAbPowerTester.jsx scores emotional triggers, power words, and split-test CTR potential.","None.","Pure Client-Side NLP","Preserve active implementation."
"Content Strategy","Podcast Show Notes & Chapter Formatter","Podcast Show Notes & Chapter Formatter (`podcast-show-notes-generator`)","FULLY IMPLEMENTED","src/tools/writing/PodcastShowNotesGenerator.jsx structures episode overviews, key takeaways, and timestamp chapters.","None.","Pure Client-Side","Preserve active implementation."
"Content Strategy","YouTube Video SEO & Metadata Optimizer","YouTube Video SEO & Metadata Optimizer (`youtube-seo-optimizer`)","FULLY IMPLEMENTED","src/tools/marketing/YouTubeSeoOptimizer.jsx audits mobile title truncation, 00:00 chapter markers, and 500-char tag limits.","None.","Pure Client-Side","Preserve active implementation."
"Content Strategy","Comprehensive Readability & Grade Level Analyzer","Reading Time Calculator (`reading-time-calc`) (Time duration only)","PARTIALLY IMPLEMENTED","Estimates reading minutes, but does not calculate Flesch Reading Ease or grade levels.","Flesch Reading Ease, Flesch-Kincaid Grade Level, Gunning Fog index, sentence length complexity.","Pure Client-Side (Linguistic formulas)","Implement Flesch-Kincaid & Multi-Index Readability Score Analyzer."
"Business Modeling","Lean Canvas 1-Page Business Model Builder","Lean Canvas 1-Page Business Model Builder (`lean-canvas-business-builder`)","FULLY IMPLEMENTED","src/tools/business/LeanCanvasBusinessBuilder.jsx provides Ash Maurya's 9-box lean startup framework with copyable export.","None.","Pure Client-Side","Preserve active implementation."
"Business Modeling","SaaS CAC Payback, LTV & Rule of 40 Matrix","SaaS CAC Payback, LTV & Rule of 40 Matrix (`saas-cac-payback-matrix`)","FULLY IMPLEMENTED","src/tools/business/SaasCacPaybackMatrix.jsx computes gross margin-adjusted CAC payback, LTV:CAC multiple, and Rule of 40.","None.","Pure Client-Side Math","Preserve active implementation."
"Business Modeling","Startup Cash Runway & Burn Rate Calculator","Burn Rate Calculator (`burn-rate-calc`)","FULLY IMPLEMENTED","Computes monthly cash burn and runway months.","None.","Pure Client-Side Math","Preserve active implementation."
"Business Modeling","SWOT & Strategic Analysis Matrix","None.","MISSING","No interactive SWOT analysis matrix in registry.","Interactive 4-quadrant SWOT matrix (Strengths, Weaknesses, Opportunities, Threats) with strategic pairing and export.","Pure Client-Side","Implement Interactive SWOT Strategic Analysis Matrix."
"Sales Funnels & CRM","B2B Sales Funnel Velocity Calculator","B2B Sales Funnel Velocity Calculator (`sales-funnel-velocity-calculator`)","FULLY IMPLEMENTED","src/tools/business/SalesFunnelVelocityCalculator.jsx calculates pipeline revenue velocity, cycle time length, and monthly run rate.","None.","Pure Client-Side Math","Preserve active implementation."
"Sales Funnels & CRM","Tiered Sales Commission & Quota Accelerator","Tiered Sales Commission & Quota Accelerator Calculator (`sales-commission-calculator`)","FULLY IMPLEMENTED","src/tools/business/SalesCommissionCalculator.jsx calculates quota tiers, accelerators, and total OTE.","None.","Pure Client-Side Math","Preserve active implementation."
"Sales Funnels & CRM","B2B Lead Scoring & Qualification Matrix (BANT / MEDDPICC)","None.","MISSING","No lead qualification scoring tool in registry.","BANT (Budget, Authority, Need, Timeline) and MEDDIC weighted scoring with qualification likelihood index.","Pure Client-Side Framework","Implement B2B Lead Scoring & BANT Qualification Matrix."
"Agency Operations","Agency Client Retainer & Margin Calculator","Agency Client Retainer & Margin Calculator (`agency-retainer-calculator`)","FULLY IMPLEMENTED","src/tools/freelance/AgencyRetainerCalculator.jsx prices retainers with blended rates, scope buffers, and net profit margins.","None.","Pure Client-Side Math","Preserve active implementation."
"Agency Operations","Agency Commercial Pitch Proposal & SOW Generator","Agency Client Pitch & Proposal Generator (`agency-pitch-proposal-generator`)","FULLY IMPLEMENTED","src/tools/freelance/AgencyPitchProposalGenerator.jsx generates formal statements of work, deliverable phases, and fee terms.","None.","Pure Client-Side","Preserve active implementation."
"Agency Operations","Agency Blended Billing Rate & Team Capacity Calculator","Freelance Hourly Rate Calculator (`freelance-hourly-rate-calculator`) (Solo only)","PARTIALLY IMPLEMENTED","Calculates individual solo freelancer rate, but not multi-person agency team capacity and blended rates.","Multi-role blended hourly rate, team billable capacity utilization (e.g. 75%), non-billable overhead, and target gross margin.","Pure Client-Side Math","Implement Agency Blended Rate & Team Capacity Calculator."
"Business Productivity","Link-in-Bio Landing Page Builder","Link-in-Bio Landing Page Builder (`link-in-bio-builder`)","FULLY IMPLEMENTED","src/tools/social/LinkInBioBuilder.jsx builds responsive bio pages with live phone mockup and standalone HTML/CSS export.","None.","Pure Client-Side","Preserve active implementation."
"Business Productivity","Meeting Cost & Time Waste Calculator","Real-Time Meeting Cost per Minute Calculator (`meeting-cost-per-minute-calculator`)","FULLY IMPLEMENTED","Computes cost per minute of team meetings based on attendee count and average salaries.","None.","Pure Client-Side Math","Preserve active implementation."
